{"cameraMode":{"drawMode":0,"name":"Shaded","section":"Shading Mode"},"sceneLighting":false,"audioPlay":false,"sceneViewState":{"m_AlwaysRefresh":false,"showFog":true,"showSkybox":false,"showFlares":true,"showImageEffects":true,"showParticleSystems":true,"showVisualEffectGraphs":true,"m_FxEnabled":true},"in2DMode":false,"pivot":{"x":0.8258970975875855,"y":2.177934169769287,"z":-2.3171684741973879},"rotation":{"x":-0.031181983649730684,"y":-0.9651646614074707,"z":0.1389167457818985,"w":-0.22107429802417756},"size":3.2542707920074465,"orthographic":false}