{"cameraMode":{"drawMode":0,"name":"Shaded","section":"Shading Mode"},"sceneLighting":false,"audioPlay":false,"sceneViewState":{"m_AlwaysRefresh":false,"showFog":true,"showSkybox":false,"showFlares":true,"showImageEffects":true,"showParticleSystems":true,"showVisualEffectGraphs":true,"m_FxEnabled":true},"in2DMode":false,"pivot":{"x":0.5513850450515747,"y":-2.8634681701660158,"z":-0.28147292137145998},"rotation":{"x":0.013673370704054833,"y":0.9446380138397217,"z":-0.3254747688770294,"w":0.039684735238552096},"size":7.071067810058594,"orthographic":false}