{"cameraMode":{"drawMode":0,"name":"Shaded","section":"Shading Mode"},"sceneLighting":false,"audioPlay":false,"sceneViewState":{"m_AlwaysRefresh":false,"showFog":true,"showSkybox":false,"showFlares":true,"showImageEffects":true,"showParticleSystems":true,"showVisualEffectGraphs":true,"m_FxEnabled":true},"in2DMode":false,"pivot":{"x":6.7235331535339359,"y":7.4953532218933109,"z":2.212801694869995},"rotation":{"x":0.09395817667245865,"y":-0.12183340638875961,"z":0.011591366492211819,"w":0.9880398511886597},"size":7.071067810058594,"orthographic":false}