{"cameraMode":{"drawMode":0,"name":"Shaded","section":"Shading Mode"},"sceneLighting":false,"audioPlay":false,"sceneViewState":{"m_AlwaysRefresh":false,"showFog":true,"showSkybox":false,"showFlares":true,"showImageEffects":true,"showParticleSystems":true,"showVisualEffectGraphs":true,"m_FxEnabled":true},"in2DMode":false,"pivot":{"x":-2.3722310066223146,"y":-1.0117096900939942,"z":2.958350658416748},"rotation":{"x":0.032755594700574878,"y":-0.9672903418540955,"z":0.19881229102611543,"w":0.15638947486877442},"size":3.2542707920074465,"orthographic":false}