{"cameraMode":{"drawMode":0,"name":"Shaded","section":"Shading Mode"},"sceneLighting":false,"audioPlay":false,"sceneViewState":{"m_AlwaysRefresh":false,"showFog":true,"showSkybox":false,"showFlares":true,"showImageEffects":true,"showParticleSystems":true,"showVisualEffectGraphs":true,"m_FxEnabled":true},"in2DMode":false,"pivot":{"x":3.3383853435516359,"y":0.7643907070159912,"z":-5.574217319488525},"rotation":{"x":0.15563419461250306,"y":0.02919751964509487,"z":-0.005256688687950373,"w":0.9876868724822998},"size":5.049749374389648,"orthographic":false}