{"cameraMode":{"drawMode":0,"name":"Shaded","section":"Shading Mode"},"sceneLighting":false,"audioPlay":false,"sceneViewState":{"m_AlwaysRefresh":false,"showFog":true,"showSkybox":false,"showFlares":true,"showImageEffects":true,"showParticleSystems":true,"showVisualEffectGraphs":true,"m_FxEnabled":true},"in2DMode":false,"pivot":{"x":0.7188406586647034,"y":-0.26818665862083437,"z":5.293470859527588},"rotation":{"x":-0.10640794038772583,"y":-0.056809455156326297,"z":0.00723588140681386,"w":-0.9930721521377564},"size":9.974968910217286,"orthographic":false}