{"cameraMode":{"drawMode":0,"name":"Shaded","section":"Shading Mode"},"sceneLighting":true,"audioPlay":false,"sceneViewState":{"m_AlwaysRefresh":false,"showFog":true,"showSkybox":true,"showFlares":true,"showImageEffects":true,"showParticleSystems":true,"showVisualEffectGraphs":true,"m_FxEnabled":true},"in2DMode":false,"pivot":{"x":4.089998245239258,"y":21.477336883544923,"z":-132.70765686035157},"rotation":{"x":-0.4827900230884552,"y":0.17149202525615693,"z":0.10287562012672425,"w":0.8537465929985046},"size":10.062314987182618,"orthographic":false}