{"cameraMode":{"drawMode":0,"name":"Shaded","section":"Shading Mode"},"sceneLighting":true,"audioPlay":false,"sceneViewState":{"m_AlwaysRefresh":false,"showFog":true,"showSkybox":true,"showFlares":true,"showImageEffects":true,"showParticleSystems":true,"showVisualEffectGraphs":true,"m_FxEnabled":true},"in2DMode":false,"pivot":{"x":527.9396362304688,"y":920.7271728515625,"z":-1034.5142822265625},"rotation":{"x":0.23243831098079682,"y":0.031920626759529117,"z":-0.0025566339027136566,"w":0.9731091856956482},"size":12.539475440979004,"orthographic":false}