{"cameraMode":{"drawMode":0,"name":"Shaded","section":"Shading Mode"},"sceneLighting":true,"audioPlay":false,"sceneViewState":{"m_AlwaysRefresh":false,"showFog":true,"showSkybox":true,"showFlares":true,"showImageEffects":true,"showParticleSystems":true,"showVisualEffectGraphs":true,"m_FxEnabled":true},"in2DMode":false,"pivot":{"x":196.58380126953126,"y":-120.8458251953125,"z":217.40438842773438},"rotation":{"x":-0.18288403749465943,"y":-0.32933658361434939,"z":0.06515094637870789,"w":-0.9244451522827148},"size":174.3001708984375,"orthographic":false}