{"cameraMode":{"drawMode":0,"name":"Shaded","section":"Shading Mode"},"sceneLighting":true,"audioPlay":false,"sceneViewState":{"m_AlwaysRefresh":false,"showFog":true,"showSkybox":true,"showFlares":true,"showImageEffects":true,"showParticleSystems":true,"showVisualEffectGraphs":true,"m_FxEnabled":true},"in2DMode":false,"pivot":{"x":10.064387321472168,"y":-1.1657391786575318,"z":-41.55531692504883},"rotation":{"x":0.2150491327047348,"y":0.11396709084510803,"z":-0.023106902837753297,"w":0.9705284237861633},"size":9.974977493286133,"orthographic":false}