{"cameraMode":{"drawMode":0,"name":"Shaded","section":"Shading Mode"},"sceneLighting":true,"audioPlay":false,"sceneViewState":{"m_AlwaysRefresh":false,"showFog":true,"showSkybox":true,"showFlares":true,"showImageEffects":true,"showParticleSystems":true,"showVisualEffectGraphs":true,"m_FxEnabled":true},"in2DMode":false,"pivot":{"x":3.413848876953125,"y":-1.6826480627059937,"z":9.780010223388672},"rotation":{"x":-0.10884995013475418,"y":-0.11544529348611832,"z":0.012728868052363396,"w":-0.9872695803642273},"size":7.071067810058594,"orthographic":false}