{"cameraMode":{"drawMode":0,"name":"Shaded","section":"Shading Mode"},"sceneLighting":true,"audioPlay":false,"sceneViewState":{"m_AlwaysRefresh":false,"showFog":true,"showSkybox":true,"showFlares":true,"showImageEffects":true,"showParticleSystems":true,"showVisualEffectGraphs":true,"m_FxEnabled":true},"in2DMode":false,"pivot":{"x":937.0340576171875,"y":471.0517272949219,"z":1320.9288330078125},"rotation":{"x":-0.03930986300110817,"y":-0.003193141659721732,"z":0.0006122727645561099,"w":-0.9995602965354919},"size":1101.45361328125,"orthographic":false}