{"cameraMode":{"drawMode":0,"name":"Shaded","section":"Shading Mode"},"sceneLighting":true,"audioPlay":false,"sceneViewState":{"m_AlwaysRefresh":false,"showFog":true,"showSkybox":true,"showFlares":true,"showImageEffects":true,"showParticleSystems":true,"showVisualEffectGraphs":true,"m_FxEnabled":true},"in2DMode":false,"pivot":{"x":18.56688117980957,"y":-2.7793631553649904,"z":0.15990228950977326},"rotation":{"x":-0.16613474488258363,"y":-0.4304686188697815,"z":0.08220626413822174,"w":-0.8841256499290466},"size":9.912114143371582,"orthographic":false}