{"cameraMode":{"drawMode":0,"name":"Shaded","section":"Shading Mode"},"sceneLighting":true,"audioPlay":false,"sceneViewState":{"m_AlwaysRefresh":false,"showFog":true,"showSkybox":true,"showFlares":true,"showImageEffects":true,"showParticleSystems":true,"showVisualEffectGraphs":true,"m_FxEnabled":true},"in2DMode":false,"pivot":{"x":-3.428657293319702,"y":70.33212280273438,"z":267.01458740234377},"rotation":{"x":-0.013813728466629982,"y":0.0012878244742751122,"z":0.0001828483073040843,"w":-1.0002727508544922},"size":146.161376953125,"orthographic":false}