{"cameraMode":{"drawMode":0,"name":"Shaded","section":"Shading Mode"},"sceneLighting":true,"audioPlay":false,"sceneViewState":{"m_AlwaysRefresh":false,"showFog":true,"showSkybox":true,"showFlares":true,"showImageEffects":true,"showParticleSystems":true,"showVisualEffectGraphs":true,"m_FxEnabled":true},"in2DMode":false,"pivot":{"x":-0.18804694712162019,"y":7.4065046310424809,"z":-426.5841064453125},"rotation":{"x":-0.09324400126934052,"y":0.03236648067831993,"z":-0.0013427184894680977,"w":-0.9958212971687317},"size":5.111263275146484,"orthographic":false}