{"cameraMode":{"drawMode":0,"name":"Shaded","section":"Shading Mode"},"sceneLighting":true,"audioPlay":false,"sceneViewState":{"m_AlwaysRefresh":false,"showFog":true,"showSkybox":true,"showFlares":true,"showImageEffects":true,"showParticleSystems":true,"showVisualEffectGraphs":true,"m_FxEnabled":true},"in2DMode":false,"pivot":{"x":-71.37129974365235,"y":115.03515625,"z":292.89434814453127},"rotation":{"x":-0.009303014725446701,"y":-0.031721025705337527,"z":0.00043159464257769287,"w":-0.9998194575309753},"size":117.76380920410156,"orthographic":false}