{"cameraMode":{"drawMode":0,"name":"Shaded","section":"Shading Mode"},"sceneLighting":true,"audioPlay":false,"sceneViewState":{"m_AlwaysRefresh":false,"showFog":true,"showSkybox":true,"showFlares":true,"showImageEffects":true,"showParticleSystems":true,"showVisualEffectGraphs":true,"m_FxEnabled":true},"in2DMode":false,"pivot":{"x":1.6374750137329102,"y":0.6505553722381592,"z":8.694969177246094},"rotation":{"x":-0.07213930785655976,"y":-0.05473438650369644,"z":0.003966657444834709,"w":-0.9959010481834412},"size":7.071067810058594,"orthographic":false}