{"cameraMode":{"drawMode":0,"name":"Shaded","section":"Shading Mode"},"sceneLighting":false,"audioPlay":false,"sceneViewState":{"m_AlwaysRefresh":false,"showFog":true,"showSkybox":false,"showFlares":true,"showImageEffects":true,"showParticleSystems":true,"showVisualEffectGraphs":true,"m_FxEnabled":true},"in2DMode":false,"pivot":{"x":-6.822368621826172,"y":-15.522311210632325,"z":19.975244522094728},"rotation":{"x":0.33414238691329958,"y":-0.17592714726924897,"z":0.06294705718755722,"w":0.9242036938667297},"size":14.778047561645508,"orthographic":false}