{"cameraMode":{"drawMode":0,"name":"Shaded","section":"Shading Mode"},"sceneLighting":true,"audioPlay":false,"sceneViewState":{"m_AlwaysRefresh":false,"showFog":true,"showSkybox":false,"showFlares":true,"showImageEffects":true,"showParticleSystems":true,"showVisualEffectGraphs":true,"m_FxEnabled":true},"in2DMode":false,"pivot":{"x":-12.394744873046875,"y":3.0834879875183107,"z":7.048949241638184},"rotation":{"x":0.05739340931177139,"y":-0.6965354084968567,"z":0.05538203567266464,"w":0.7136462926864624},"size":14.778047561645508,"orthographic":false}