{"cameraMode":{"drawMode":0,"name":"Shaded","section":"Shading Mode"},"sceneLighting":false,"audioPlay":false,"sceneViewState":{"m_AlwaysRefresh":false,"showFog":true,"showSkybox":false,"showFlares":true,"showImageEffects":true,"showParticleSystems":true,"showVisualEffectGraphs":true,"m_FxEnabled":true},"in2DMode":false,"pivot":{"x":-4.356065273284912,"y":-7.426112651824951,"z":24.750627517700197},"rotation":{"x":0.1509341597557068,"y":-0.07162193208932877,"z":0.010242615826427937,"w":0.9862546920776367},"size":14.778047561645508,"orthographic":false}