{"cameraMode":{"drawMode":0,"name":"Shaded","section":"Shading Mode"},"sceneLighting":false,"audioPlay":false,"sceneViewState":{"m_AlwaysRefresh":false,"showFog":true,"showSkybox":false,"showFlares":true,"showImageEffects":true,"showParticleSystems":true,"showVisualEffectGraphs":true,"m_FxEnabled":true},"in2DMode":false,"pivot":{"x":0.41661661863327029,"y":-8.586742401123047,"z":20.58320426940918},"rotation":{"x":0.27577659487724306,"y":0.006693960167467594,"z":-0.0024841022677719595,"w":0.9615584015846252},"size":14.778047561645508,"orthographic":false}