{"cameraMode":{"drawMode":0,"name":"Shaded","section":"Shading Mode"},"sceneLighting":false,"audioPlay":false,"sceneViewState":{"m_AlwaysRefresh":false,"showFog":true,"showSkybox":false,"showFlares":true,"showImageEffects":true,"showParticleSystems":true,"showVisualEffectGraphs":true,"m_FxEnabled":true},"in2DMode":false,"pivot":{"x":6.700357913970947,"y":1.0990086793899537,"z":23.413835525512697},"rotation":{"x":0.16595885157585145,"y":0.03801858797669411,"z":-0.006748157553374767,"w":0.9857444763183594},"size":14.778047561645508,"orthographic":false}