{"cameraMode":{"drawMode":0,"name":"Shaded","section":"Shading Mode"},"sceneLighting":false,"audioPlay":false,"sceneViewState":{"m_AlwaysRefresh":false,"showFog":true,"showSkybox":false,"showFlares":true,"showImageEffects":true,"showParticleSystems":true,"showVisualEffectGraphs":true,"m_FxEnabled":true},"in2DMode":false,"pivot":{"x":-18.817127227783204,"y":1.0630149841308594,"z":7.3858537673950199},"rotation":{"x":0.10275119543075562,"y":-0.6703243851661682,"z":0.09421540796756745,"w":0.7293895483016968},"size":14.778047561645508,"orthographic":false}