{"cameraMode":{"drawMode":0,"name":"Shaded","section":"Shading Mode"},"sceneLighting":false,"audioPlay":false,"sceneViewState":{"m_AlwaysRefresh":false,"showFog":true,"showSkybox":false,"showFlares":true,"showImageEffects":true,"showParticleSystems":true,"showVisualEffectGraphs":true,"m_FxEnabled":true},"in2DMode":false,"pivot":{"x":-2.8863909244537355,"y":-12.352197647094727,"z":21.647233963012697},"rotation":{"x":0.35129600763320925,"y":0.0007355933776125312,"z":-0.0003073452098760754,"w":0.9366830587387085},"size":14.778047561645508,"orthographic":false}