{"cameraMode":{"drawMode":0,"name":"Shaded","section":"Shading Mode"},"sceneLighting":false,"audioPlay":false,"sceneViewState":{"m_AlwaysRefresh":false,"showFog":true,"showSkybox":false,"showFlares":true,"showImageEffects":true,"showParticleSystems":true,"showVisualEffectGraphs":true,"m_FxEnabled":true},"in2DMode":false,"pivot":{"x":-5.2484002113342289,"y":-13.225513458251954,"z":28.58600616455078},"rotation":{"x":0.2930556535720825,"y":-0.0032477928325533869,"z":0.0009713563486002386,"w":0.9564809799194336},"size":14.778047561645508,"orthographic":false}